{"query": "Ludgerweg, Wuppertal", "ok": true, "timestamp": "2025-11-04T17:25:19.310103Z", "lat": 51.2202873, "lon": 7.0519903, "display_name": "Ludgerweg, Vohwinkel, Gemarkung Vohwinkel, Vohwinkel, Wuppertal, Nordrhein-Westfalen, 42329, Deutschland", "raw_address": {"road": "Ludgerweg", "suburb": "Vohwinkel", "city_district": "Vohwinkel", "city": "Wuppertal", "state": "Nordrhein-Westfalen", "ISO3166-2-lvl4": "DE-NW", "postcode": "42329", "country": "Deutschland", "country_code": "de"}, "osm_type": "way", "osm_id": 24498184, "dist_to_city_center_m": 10031, "city_ok": true}
{"query": "Grüner Kamp, Wuppertal", "ok": true, "timestamp": "2025-11-04T17:25:20.465702Z", "lat": 51.2182649, "lon": 7.0547426, "display_name": "Grüner Kamp, Vohwinkel, Gemarkung Vohwinkel, Vohwinkel, Wuppertal, Nordrhein-Westfalen, 42329, Deutschland", "raw_address": {"road": "Grüner Kamp", "suburb": "Vohwinkel", "city_district": "Vohwinkel", "city": "Wuppertal", "state": "Nordrhein-Westfalen", "ISO3166-2-lvl4": "DE-NW", "postcode": "42329", "country": "Deutschland", "country_code": "de"}, "osm_type": "way", "osm_id": 24714817, "dist_to_city_center_m": 9977, "city_ok": true}
{"query": "Lindenallee, Wuppertal", "ok": true, "timestamp": "2025-11-04T17:25:21.425625Z", "lat": 51.2795748, "lon": 7.1637808, "display_name": "Lindenallee, Uellendahl-Ost, Gemarkung Elberfeld, Uellendahl-Katernberg, Wuppertal, Nordrhein-Westfalen, 42109, Deutschland", "raw_address": {"forest": "Lindenallee", "neighbourhood": "Uellendahl-Ost", "suburb": "Gemarkung Elberfeld", "city_district": "Uellendahl-Katernberg", "city": "Wuppertal", "state": "Nordrhein-Westfalen", "ISO3166-2-lvl4": "DE-NW", "postcode": "42109", "country": "Deutschland", "country_code": "de"}, "osm_type": "way", "osm_id": 224010321, "dist_to_city_center_m": 1993, "city_ok": true}
{"query": "Am Hofe, Wuppertal", "ok": true, "timestamp": "2025-11-04T17:25:22.486302Z", "lat": 51.2230597, "lon": 7.2646666, "display_name": "Am Hofe, Olpe, Gemarkung Beyenburg, Langerfeld-Beyenburg, Wuppertal, Nordrhein-Westfalen, 42399, Deutschland", "raw_address": {"locality": "Am Hofe", "hamlet": "Olpe", "suburb": "Gemarkung Beyenburg", "city_district": "Langerfeld-Beyenburg", "city": "Wuppertal", "state": "Nordrhein-Westfalen", "ISO3166-2-lvl4": "DE-NW", "postcode": "42399", "country": "Deutschland", "country_code": "de"}, "osm_type": "node", "osm_id": 5267647017, "dist_to_city_center_m": 7556, "city_ok": true}
{"query": "Wahlert, Wuppertal", "ok": true, "timestamp": "2025-11-04T17:25:31.767347Z", "lat": 51.1998355, "lon": 7.1096489, "display_name": "Wahlert, Gemarkung Cronenberg, Cronenberg, Berghausen, Wuppertal, Nordrhein-Westfalen, 42349, Deutschland", "raw_address": {"stream": "Wahlert", "neighbourhood": "Gemarkung Cronenberg", "suburb": "Cronenberg", "village": "Berghausen", "city": "Wuppertal", "state": "Nordrhein-Westfalen", "ISO3166-2-lvl4": "DE-NW", "postcode": "42349", "country": "Deutschland", "country_code": "de"}, "osm_type": "way", "osm_id": 444001475, "dist_to_city_center_m": 8579, "city_ok": true}
{"query": "Friedensstr 57, Wuppertal", "ok": true, "timestamp": "2025-11-04T17:25:32.754212Z", "lat": 51.2076801, "lon": 7.1168151, "display_name": "57, Friedensstraße, Schwabhausen, Gemarkung Cronenberg, Cronenberg, Wuppertal, Nordrhein-Westfalen, 42349, Deutschland", "raw_address": {"house_number": "57", "road": "Friedensstraße", "neighbourhood": "Schwabhausen", "suburb": "Cronenberg", "city": "Wuppertal", "state": "Nordrhein-Westfalen", "ISO3166-2-lvl4": "DE-NW", "postcode": "42349", "country": "Deutschland", "country_code": "de"}, "osm_type": "way", "osm_id": 137158013, "dist_to_city_center_m": 7577, "city_ok": true}
{"query": "Friedensstr 25a, Wuppertal", "ok": true, "timestamp": "2025-11-04T17:25:33.646493Z", "lat": 51.2075755, "lon": 7.1197573, "display_name": "25a, Friedensstraße, Herichhausen, Gemarkung Cronenberg, Cronenberg, Wuppertal, Nordrhein-Westfalen, 42349, Deutschland", "raw_address": {"house_number": "25a", "road": "Friedensstraße", "neighbourhood": "Herichhausen", "suburb": "Cronenberg", "city": "Wuppertal", "state": "Nordrhein-Westfalen", "ISO3166-2-lvl4": "DE-NW", "postcode": "42349", "country": "Deutschland", "country_code": "de"}, "osm_type": "way", "osm_id": 137158009, "dist_to_city_center_m": 7473, "city_ok": true}
{"query": "Schorfer Str 45, Wuppertal", "ok": true, "timestamp": "2025-11-04T17:25:34.688962Z", "lat": 51.2040673, "lon": 7.1253689, "display_name": "45, Schorfer Straße, Herichhausen, Gemarkung Cronenberg, Cronenberg, Berghausen, Wuppertal, Nordrhein-Westfalen, 42349, Deutschland", "raw_address": {"house_number": "45", "road": "Schorfer Straße", "neighbourhood": "Herichhausen", "suburb": "Cronenberg", "village": "Berghausen", "city": "Wuppertal", "state": "Nordrhein-Westfalen", "ISO3166-2-lvl4": "DE-NW", "postcode": "42349", "country": "Deutschland", "country_code": "de"}, "osm_type": "way", "osm_id": 128843361, "dist_to_city_center_m": 7608, "city_ok": true}
{"query": "Schorfer Str 43, Wuppertal", "ok": true, "timestamp": "2025-11-04T17:25:35.537403Z", "lat": 51.2042024, "lon": 7.1255026, "display_name": "43, Schorfer Straße, Herichhausen, Gemarkung Cronenberg, Cronenberg, Berghausen, Wuppertal, Nordrhein-Westfalen, 42349, Deutschland", "raw_address": {"house_number": "43", "road": "Schorfer Straße", "neighbourhood": "Herichhausen", "suburb": "Cronenberg", "village": "Berghausen", "city": "Wuppertal", "state": "Nordrhein-Westfalen", "ISO3166-2-lvl4": "DE-NW", "postcode": "42349", "country": "Deutschland", "country_code": "de"}, "osm_type": "way", "osm_id": 128843338, "dist_to_city_center_m": 7590, "city_ok": true}
